,Sample Size,Mean,Standard Deviation,Min,Q1,Median (Q2),Q3,Max
temperature,0,,,,,,,
precipitation,0,,,,,,,
humidity,0,,,,,,,
latitude,4589,38.25052916199608,6.244489927994705,13.402746,35.883757,37.83930035,40.3553915,63.23166155
longitude,4589,-97.86866412722502,26.63536624487379,-156.1324300755678,-114.6901201257536,-105.71769566830672,-81.09512708130643,145.71844221201314
